City,Property Type,Name,Rating,Reviews Count,Location,Image URL,Image Path
Karachi,home,Charming Home banglow,9.4,9.0,"Clifton, Karachi",https://cf.bstatic.com/xdata/images/hotel/square240/591336982.webp?k=221124f7005daebbf5f17ff967ccd7c7b71646fe45271597ccc0b195a55d8a0e&o=,images_home\Charming_Home_banglow.jpg
Karachi,home,Charming luxury home,10.0,10.0,"Clifton, Karachi",https://cf.bstatic.com/xdata/images/hotel/square240/719971427.webp?k=11a91cae1425fece7cc30587d7d3d12eec5daefe7aff73d80dc4b2c26f606889&o=,images_home\Charming_luxury_home.jpg
Karachi,home,Luxury Living Penthouse Gulshan Iqbal Block#7,9.1,9.0,Karachi,https://cf.bstatic.com/xdata/images/hotel/square240/560356325.webp?k=1c2a42da9b1e5059f20e0839975c2c96746ce56b41ce6d8264a3a74cfdbd7c7f&o=,images_home\Luxury_Living_Penthouse_Gulshan_Iqbal_Block_7.jpg
Karachi,home,Dream home 2 & 4 bedroom Family house,8.0,8.0,Karachi,https://cf.bstatic.com/xdata/images/hotel/square240/685587462.webp?k=7f782f52678d181bd25fa580470c711cbfdef646e8bef761a696bf843c89999d&o=,images_home\Dream_home_2___4_bedroom_Family_house.jpg
Karachi,home,Home Sweet Home 3 bed Banglow,10.0,10.0,"D.H.A., Karachi (D.H.A.)",https://cf.bstatic.com/xdata/images/hotel/square240/640072798.webp?k=315153f41e3f59081ce4faf7cbd96e9a86c64601089b9c1f263be28b0872d00e&o=,images_home\Home_Sweet_Home_3_bed_Banglow.jpg
Karachi,home,Entire 2-Bedroom House Separate Entrance No unmarried couples allowed,9.0,9.0,Karachi,https://cf.bstatic.com/xdata/images/hotel/square240/673998853.webp?k=f746eb6ba0807b699415452764edb63d9f2e2de4031b2899ea470a1f0217cecc&o=,images_home\Entire_2-Bedroom_House_Separate_Entrance_No_unmarried_couples_allowed.jpg
Karachi,home,Luxury hideaway superior,,,Karachi,https://cf.bstatic.com/xdata/images/hotel/square240/687559836.webp?k=07b72accd236ad827b3f76198c54dad863b4ead0400e05ae31c435f34b794b6a&o=,images_home\Luxury_hideaway_superior.jpg
Karachi,home,Aroma Palace Dha,,,"D.H.A., Karachi (D.H.A.)",https://cf.bstatic.com/xdata/images/hotel/square240/725816819.webp?k=e0bfc347cafaed1daabb79ab67c99d5d189413b73d744f2ea5bfe839a711af71&o=,images_home\Aroma_Palace_Dha.jpg
Karachi,home,Entire Ground Floor Elegance 3BR Gulistan e Joher Blk 14 Near Darul Sehat Hospital,10.0,10.0,Karachi,https://cf.bstatic.com/xdata/images/hotel/square240/701206265.webp?k=29d87743faf6105fe0d21f46825a5a9c21c416f7df21f5677b488a00f87b1c32&o=,images_home\Entire_Ground_Floor_Elegance_3BR_Gulistan_e_Joher_Blk_14_Near_Darul_Sehat_Hospital.jpg
Karachi,home,The Home Away From Home,10.0,10.0,"D.H.A., Karachi (D.H.A.)",https://cf.bstatic.com/xdata/images/hotel/square240/725661743.webp?k=cf8f3647fb7a905d2eb0acd306ab65ff245ef06b0f46f1277f3dd47030b83759&o=,images_home\The_Home_Away_From_Home.jpg
Karachi,home,Luxury Hideaway Royal,,,Karachi,https://cf.bstatic.com/xdata/images/hotel/square240/687915450.webp?k=d8b451cb48a79794389a56775d4e9733fa1c1be4a8edf731777d4ec9a26494d3&o=,images_home\Luxury_Hideaway_Royal.jpg
Karachi,home,Best house for living,,,Karachi,https://cf.bstatic.com/xdata/images/hotel/square240/650789548.webp?k=563184059265c497d1d578650e8766422866e8be75fe24944d883777ea7d554f&o=,images_home\Best_house_for_living.jpg
Karachi,home,Travellers Home 2BR PORTION Gulshan Iqbal blk#7,10.0,10.0,Karachi,https://cf.bstatic.com/xdata/images/hotel/square240/560359709.webp?k=a278bdce247ad660fda600140246f7994adc89641c869ccaab896a5670f8077e&o=,images_home\Travellers_Home_2BR_PORTION_Gulshan_Iqbal_blk_7.jpg
Karachi,home,Zen Vacation Farmhouse Memon Goth Karachi,,,Karachi,https://cf.bstatic.com/xdata/images/hotel/square240/682019859.webp?k=9c412391b24890726beadb57811dade9993e49f18fb26f5882fd1e7386af8e29&o=,images_home\Zen_Vacation_Farmhouse_Memon_Goth_Karachi.jpg
Karachi,home,"Brand New Luxuries and Cozy Beautiful Home in Gulshan-e-Maymar, Karachi",,,Karachi,https://cf.bstatic.com/xdata/images/hotel/square240/685829476.webp?k=a0c72fe8339d0cb3aa8c17af9c084ce5e4571030326880fbd87c38d543d9e6c9&o=,images_home\Brand_New_Luxuries_and_Cozy_Beautiful_Home_in_Gulshan-e-Maymar__Karachi.jpg
Karachi,home,Cosy stay with comfort,,,Karachi,https://cf.bstatic.com/xdata/images/hotel/square240/653104245.webp?k=037d553662fc68c9e78973e7b73a569eac1ce79328e2e3aa3888bdfe454cbaab&o=,images_home\Cosy_stay_with_comfort.jpg
Karachi,home,White Lotus Karachi,10.0,10.0,Karachi,https://cf.bstatic.com/xdata/images/hotel/square240/509480630.webp?k=dc6530619f0d95d2faeaaaa135ff1adf522bea963ac65f5eb9a82af5b6983bab&o=,images_home\White_Lotus_Karachi.jpg
Karachi,home,Regal Palace Gulshan Nipa,,,Karachi,https://cf.bstatic.com/xdata/images/hotel/square240/557125855.webp?k=9964c17faa920a34830e31cb76d099429b82daf32619d0aaa519fbfcddc211d3&o=,images_home\Regal_Palace_Gulshan_Nipa.jpg
Karachi,home,Sunrise Family Stay Gulshan Nipa,,,Karachi,https://cf.bstatic.com/xdata/images/hotel/square240/557134526.webp?k=ef87d03418e498083068f0f63a2dabf8f6d0ea6171cc9aa312af024586831316&o=,images_home\Sunrise_Family_Stay_Gulshan_Nipa.jpg
Karachi,home,"Valley View Hotel, Sharda",,,Karachi,https://cf.bstatic.com/xdata/images/hotel/square240/631845616.webp?k=04905ff7fb32fa5ddec249de53c721e7926193521734e43dbfeafdf2297afc37&o=,images_home\Valley_View_Hotel__Sharda.jpg
Karachi,home,2 Bed Independent Groundfloor,,,Karachi,https://cf.bstatic.com/xdata/images/hotel/square240/721623442.webp?k=4b9941d05f76e3d62853ed7d250b7a9ae7ed49481cf9f5443a6ea67678ec7130&o=,images_home\2_Bed_Independent_Groundfloor.jpg
Karachi,home,Mohalla Signature Residence,,,Karachi,https://cf.bstatic.com/xdata/images/hotel/square240/617452573.webp?k=cb415e52b0ee9a12b42124a94acfacdf68d91dab2d3b704e36cc43207f387d09&o=,images_home\Mohalla_Signature_Residence.jpg
Karachi,home,3 Bed Independent First Floor,,,Karachi,https://cf.bstatic.com/xdata/images/hotel/square240/721641791.webp?k=4977e0c7ca1665e34312d00d0974635f31df9849698160f249d50aba829eef9f&o=,images_home\3_Bed_Independent_First_Floor.jpg
Karachi,home,Entire portion,,,Karachi,https://cf.bstatic.com/xdata/images/hotel/square240/723938192.webp?k=d0eee7269f042e783f08495d89d499294ab20a1dbeb48230d470a64901fc0436&o=,images_home\Entire_portion.jpg
Lahore,home,"Spacious 3 Bedroom Furnished Family Home near Valencia Town, Lake City & Ring Road",8.8,8.0,Lahore,https://cf.bstatic.com/xdata/images/hotel/square240/498125304.webp?k=af4f6c664e570c0d5dfc3c0ebc42e475d3d60d3be661db00f6553ec5ff26010b&o=,images_home\Spacious_3_Bedroom_Furnished_Family_Home_near_Valencia_Town__Lake_City___Ring_Road.jpg
Lahore,home,Skylark Lodge Bahria Town Lahore,9.7,9.0,Lahore,https://cf.bstatic.com/xdata/images/hotel/square240/632850582.webp?k=77be4c0d9fbaa0d30dbdc452de8ff3ff70ef532fd48fe21d829141d7c979903d&o=,images_home\Skylark_Lodge_Bahria_Town_Lahore.jpg
Lahore,home,Fully Serviced Holiday Home Near Lahore Ring Road,7.5,7.0,Lahore,https://cf.bstatic.com/xdata/images/hotel/square240/423905023.webp?k=ce6141ddd63e997caf685bb5d595c8efb82a0f9687890a6cacc14b5fa3031868&o=,images_home\Fully_Serviced_Holiday_Home_Near_Lahore_Ring_Road.jpg
Lahore,home,Luxury Dream Vacation Home in DHA Near Lahore Airport,8.6,8.0,Lahore,https://cf.bstatic.com/xdata/images/hotel/square240/557377410.webp?k=c0d6db3a0453177bf3a1a7f85ac521811fa072330f8cca192c79e8647a245dfa&o=,images_home\Luxury_Dream_Vacation_Home_in_DHA_Near_Lahore_Airport.jpg
Lahore,home,Ahil house,,,Lahore,https://cf.bstatic.com/xdata/images/hotel/square240/669838290.webp?k=d3564f0f7d0e442e0b56697115ceb26a0d4c654561bddc56105f2616cdde3ede&o=,images_home\Ahil_house.jpg
Lahore,home,Lawn & Luxe 2 BR Stay with Grand Event Space,,,Lahore,https://cf.bstatic.com/xdata/images/hotel/square240/726365925.webp?k=42d0e6e22c56350528fb86cf86dee45e193a3612ba101144b867b38b40845c18&o=,images_home\Lawn___Luxe_2_BR_Stay_with_Grand_Event_Space.jpg
Lahore,home,"Luxury Cozy 3BR Home near airport, DHA Phase 9 Town Lahore",10.0,10.0,Lahore,https://cf.bstatic.com/xdata/images/hotel/square240/672553167.webp?k=29413fc8ef6c6867bb08abd22506f726786ce17e5a43c1526736666f506f1912&o=,images_home\Luxury_Cozy_3BR_Home_near_airport__DHA_Phase_9_Town_Lahore.jpg
Lahore,home,Aadam's 1',10.0,10.0,Lahore,https://cf.bstatic.com/xdata/images/hotel/square240/636174873.webp?k=ea71dd67b1619b94d738ec3e728835aa997c66900043fa500830616371fd7656&o=,images_home\Aadam_s_1_.jpg
Lahore,home,Fully Serviced Holiday Homes Near Emporium Mall & Expo Center,7.7,7.0,Lahore,https://cf.bstatic.com/xdata/images/hotel/square240/587500069.webp?k=cdf4863682f52db8a77b3f112e9656afe8b8f64936922b6e265e042a41398557&o=,images_home\Fully_Serviced_Holiday_Homes_Near_Emporium_Mall___Expo_Center.jpg
Lahore,home,Apna Farmhouse 1,,,Lahore,https://cf.bstatic.com/xdata/images/hotel/square240/695021553.webp?k=9e4940cb5cb9ad3d0eaf7e30c42a2fb907c7378f4a9a17ff6c1db5e9d803b267&o=,images_home\Apna_Farmhouse_1.jpg
Lahore,home,3 BR Serviced Ground Floor Near Emporium Mall,10.0,10.0,Lahore,https://cf.bstatic.com/xdata/images/hotel/square240/588265914.webp?k=19cb2812fa8d4a8db2c1bdc6b0b0c4556073e6283713a945184fb4f02253eca8&o=,images_home\3_BR_Serviced_Ground_Floor_Near_Emporium_Mall.jpg
Lahore,home,3 BR Serviced First Floor Near Emporium Mall,10.0,10.0,Lahore,https://cf.bstatic.com/xdata/images/hotel/square240/588278714.webp?k=dc8c6661bcc55aa7b2587809de281aa6cf4ddae0558acc42ad6874ff77ca13a9&o=,images_home\3_BR_Serviced_First_Floor_Near_Emporium_Mall.jpg
Lahore,home,Doctor's House,7.7,7.0,Lahore,https://cf.bstatic.com/xdata/images/hotel/square240/587646408.webp?k=32f2c335d71cb116dc7e4cd8125499fb0e1d59b8c929002ac2df7b9dcec967de&o=,images_home\Doctor_s_House.jpg
Lahore,home,6-BedRoom Entire Furnished Home,,,Lahore,https://cf.bstatic.com/xdata/images/hotel/square240/712455247.webp?k=ea50f37ee8dcb6f14cd89b5ad1a00ca30d2e515e699de6573c3aa8163643bf26&o=,images_home\6-BedRoom_Entire_Furnished_Home.jpg
Lahore,home,M72 Luxe 1 Kanal Modern House Phase 6 DHA Raya,10.0,10.0,Lahore,https://cf.bstatic.com/xdata/images/hotel/square240/677260692.webp?k=836cc50fe97109f117bf3c9050b3f308f6acc31aa09dbe92069f5143a62c34a1&o=,images_home\M72_Luxe_1_Kanal_Modern_House_Phase_6_DHA_Raya.jpg
Lahore,home,Serene Homes - 2 bedroom Portion,,,Lahore,https://cf.bstatic.com/xdata/images/hotel/square240/706478492.webp?k=9f3cd58f8bc4621c5aa337c870bf688d3c82abfcc720375892b5679efe403535&o=,images_home\Serene_Homes_-_2_bedroom_Portion.jpg
Lahore,home,7 BR Serviced Holiday Home Near Emporium Mall,10.0,10.0,Lahore,https://cf.bstatic.com/xdata/images/hotel/square240/712749731.webp?k=b2807203f7872607b83daee5fded46e8bb1287f642a9006c0ac193ab697caad0&o=,images_home\7_BR_Serviced_Holiday_Home_Near_Emporium_Mall.jpg
Lahore,home,Hareem Homes,,,Lahore,https://cf.bstatic.com/xdata/images/hotel/square240/717711112.webp?k=b9b1f078e6d55b2183253595be47f47b4a1fa387608d54b2fa273dc1a18b2b0c&o=,images_home\Hareem_Homes.jpg
Lahore,home,Hotel Grand orchard one,6.3,6.0,Lahore,https://cf.bstatic.com/xdata/images/hotel/square240/659761941.webp?k=1efecfe205e7aa8e849e29dbb1a825b2f1fac418d7f69e0f6a81bfb3283bb296&o=,images_home\Hotel_Grand_orchard_one.jpg
Lahore,home,Sidra house,,,Lahore,https://cf.bstatic.com/xdata/images/hotel/square240/633587916.webp?k=ae318620ff64f88a55932858a0f268876240118479534dcc68cc99d20fb45446&o=,images_home\Sidra_house.jpg
Lahore,home,Comfort house Dha Phase 7 near Raya & AirPort 1 kanal full house,10.0,10.0,Lahore,https://cf.bstatic.com/xdata/images/hotel/square240/591371590.webp?k=595171398bbc3c5cba7adee40f2d1138880c90a690466d48b8b67516c58d760b&o=,images_home\Comfort_house_Dha_Phase_7_near_Raya___AirPort_1_kanal_full_house.jpg
Lahore,home,Couples paradise,,,"Johar Town, Lahore",https://cf.bstatic.com/xdata/images/hotel/square240/655897853.webp?k=227711d9acd3b888bbf5627b8a2ff9f8365b587a2811f5a68e16cbe5aa1c671c&o=,images_home\Couples_paradise.jpg
Lahore,home,Family Friendly 2-Bedroom Home Upper Portion with Parking,9.5,9.0,Lahore,https://cf.bstatic.com/xdata/images/hotel/square240/679598401.webp?k=98b564c2b78110c806b5e15c3f50d8c8b8a9d0321c27fe91ffb5e16474f692fd&o=,images_home\Family_Friendly_2-Bedroom_Home_Upper_Portion_with_Parking.jpg
Lahore,home,13 Gates Residences No 1,,,Lahore,https://cf.bstatic.com/xdata/images/hotel/square240/649709672.webp?k=a80b0c9d03dcb181dd551015bca6cd83ea25d6be8b255d0f35c4980bc362569c&o=,images_home\13_Gates_Residences_No_1.jpg
Lahore,home,Bigway Motal,10.0,10.0,Lahore,https://cf.bstatic.com/xdata/images/hotel/square240/701840590.webp?k=e1995bb42bb9a10b97b5f912c1d27e8802bf38c8972474febf418e620113833f&o=,images_home\Bigway_Motal.jpg
Lahore,home,Haven Lodge - 3BR Luxury Home in AWT Lahore,8.0,8.0,Lahore,https://cf.bstatic.com/xdata/images/hotel/square240/648160609.webp?k=ec41f1ff8d44eab70e317048507b2f43023a41a08f29b0efe69ed5a26ca2545c&o=,images_home\Haven_Lodge_-_3BR_Luxury_Home_in_AWT_Lahore.jpg
Lahore,home,5-Bedroom Vacation Home,,,"Johar Town, Lahore",https://cf.bstatic.com/xdata/images/hotel/square240/529918152.webp?k=f1d509d25d337d9caff51c28ec7b0b2fd0cdc9771c6d86db7d3eb7e0a80bc265&o=,images_home\5-Bedroom_Vacation_Home.jpg
Lahore,home,most secure & luxurious house,3.0,3.0,Lahore,https://cf.bstatic.com/xdata/images/hotel/square240/663467232.webp?k=ac08b5e5cf9141771f39f85f59a09eb0d11b76670ace58571b331689a01995cb&o=,images_home\most_secure___luxurious_house.jpg
Lahore,home,Modern 3-BDR Family Home,,,Lahore,https://cf.bstatic.com/xdata/images/hotel/square240/672688403.webp?k=e21beb3e1c24fb643e3b3a4371d902226432759a53a5c921c74b86c9921a2966&o=,images_home\Modern_3-BDR_Family_Home.jpg
Lahore,home,"5 Bedrooms furnished separate upper portion house in DHA Phase 4, Lahore",8.5,8.0,Lahore,https://cf.bstatic.com/xdata/images/hotel/square240/537727898.webp?k=68135e114244fad97c3b3461607fac0f9dc32a3b8ae7e7214b75e0a4beb9685a&o=,images_home\5_Bedrooms_furnished_separate_upper_portion_house_in_DHA_Phase_4__Lahore.jpg
Lahore,home,Glanz Homz Opulent 3BR on 1st floor,,,"Model Town, Lahore",https://cf.bstatic.com/xdata/images/hotel/square240/592277300.webp?k=35a652550ad74a14357f4fe6e1279f67508034aadff2ad097c54aae5be7d3a45&o=,images_home\Glanz_Homz_Opulent_3BR_on_1st_floor.jpg
Lahore,home,Ground portion of a luxury home with area 545 SQM in a prestigious housing compound,,,Lahore,https://cf.bstatic.com/xdata/images/hotel/square240/705849712.webp?k=6a408b8cb63b39101c2b7c8abcdefead391ddd5249089238ed32074d84630522&o=,images_home\Ground_portion_of_a_luxury_home_with_area_545_SQM_in_a_prestigious_housing_compound.jpg
Lahore,home,Enjoy Holidays as its your own place,,,"Johar Town, Lahore",https://cf.bstatic.com/xdata/images/hotel/square240/646132963.webp?k=fa81136562c187f4030f78fbe77f9eb10059837daf439a7c9405424d9f4e5b77&o=,images_home\Enjoy_Holidays_as_its_your_own_place.jpg
Lahore,home,Stay As Its Your Home,,,"Johar Town, Lahore",https://cf.bstatic.com/xdata/images/hotel/square240/646950528.webp?k=c3acae75ca19c0f90b214359eed5cd6f24b8d9b0a5b750fa0c570a985dddac1b&o=,images_home\Stay_As_Its_Your_Home.jpg
Lahore,home,Cozy 3BDR Kitchen Lounges DHA phase 9 Lahore,,,Lahore,https://cf.bstatic.com/xdata/images/hotel/square240/673409183.webp?k=530d224f455cee65a3d3d55aca47774a57db3cea48942f3ac686a5c174c3ee5b&o=,images_home\Cozy_3BDR_Kitchen_Lounges_DHA_phase_9_Lahore.jpg
Lahore,home,Divine Garden Lahore,,,Lahore,https://cf.bstatic.com/xdata/images/hotel/square240/301462378.webp?k=4b679634dd86048a5943e2332d6ea036739efcf3fe9244df127618967f84d1bd&o=,images_home\Divine_Garden_Lahore.jpg
Lahore,home,1 Kanal House in Bahria Town,,,Lahore,https://cf.bstatic.com/xdata/images/hotel/square240/645798103.webp?k=4b43caa5a16d57ab5b5cd50522c1ea8397879fb6a513aa7ec226cf7c18875328&o=,images_home\1_Kanal_House_in_Bahria_Town.jpg
Lahore,home,Vacation Homes,,,Lahore,https://cf.bstatic.com/xdata/images/hotel/square240/656222636.webp?k=09cf35a2f730f821b9310855c8749f9f728c20facead31c65df3423627f47bc3&o=,images_home\Vacation_Homes.jpg
Lahore,home,Gondal Group,,,Lahore,https://cf.bstatic.com/xdata/images/hotel/square240/639886982.webp?k=bb5277c7bfcf580e3cb3dcf61c908a8fcd03ddba36aedf5c30646e8937eabccc&o=,images_home\Gondal_Group.jpg
Lahore,home,Luxury 3bedroom Family portion Available,,,Lahore,https://cf.bstatic.com/xdata/images/hotel/square240/630894054.webp?k=0cd06268ae488a3b44c727664e7528f827b2c0d88f8397db98c5d1c95a898afd&o=,images_home\Luxury_3bedroom_Family_portion_Available.jpg
Lahore,home,Private Home,,,Lahore,https://cf.bstatic.com/xdata/images/hotel/square240/726931026.webp?k=ccb97233048ab00818ff906092d3c177640fabca6e37e8d88821de30a62da24c&o=,images_home\Private_Home.jpg
Islamabad,home,UNA Services - Margalla Retreat,9.8,9.0,Islamabad,https://cf.bstatic.com/xdata/images/hotel/square240/621171270.webp?k=17a89602162bd5403fdb5ccb11f52591df5db835204ca0a319ae5c29556ff238&o=,images_home\UNA_Services_-_Margalla_Retreat.jpg
Islamabad,home,Haven Lodge - 7BR Luxury Vacation Home with Mountain View,7.9,7.0,Islamabad,https://cf.bstatic.com/xdata/images/hotel/square240/606329309.webp?k=f976b94cffdd59b6259d9258b0d8066965124f116bfec5f1e6dbcdd92ed054ec&o=,images_home\Haven_Lodge_-_7BR_Luxury_Vacation_Home_with_Mountain_View.jpg
Islamabad,home,Designer Suite Centrally Located,,,Islamabad,https://cf.bstatic.com/xdata/images/hotel/square240/728247770.webp?k=554a9702bc63f485bed075bc5c99f6b966bc4566b403ca9552090593fa946363&o=,images_home\Designer_Suite_Centrally_Located.jpg
Islamabad,home,frank inn guest house,9.5,9.0,"G-9 Sector, Islamabad",https://cf.bstatic.com/xdata/images/hotel/square240/642369661.webp?k=cc62bef0e83fc3e94841a340aa623c4400da16f95e5f0d296a7438736d0807a1&o=,images_home\frank_inn_guest_house.jpg
Islamabad,home,Vacation Home Islamabad,,,Islamabad,https://cf.bstatic.com/xdata/images/hotel/square240/728390377.webp?k=e201b098c05e55b094b12ad4111bdab4093f31f9abe01011cd866786c779e286&o=,images_home\Vacation_Home_Islamabad.jpg
Islamabad,home,3Bdr Spacious Hill View Central E 11 TV Netflix,7.8,7.0,"E-11 Sector, Islamabad",https://cf.bstatic.com/xdata/images/hotel/square240/561295760.webp?k=69c312f468a904168d52a22d7dc98b7971fb49ca75e2928c1e577ef50dc8fd1b&o=,images_home\3Bdr_Spacious_Hill_View_Central_E_11_TV_Netflix.jpg
Islamabad,home,Luxurious 5 Bedroom Mansion Upper Portion Near Gerry Visa Park Road Islamabad,,,Islamabad,https://cf.bstatic.com/xdata/images/hotel/square240/715731445.webp?k=948f76d1903125d9321ac4e6a13db6ab4a6a02bda514645f45dbed6b5efd2a96&o=,images_home\Luxurious_5_Bedroom_Mansion_Upper_Portion_Near_Gerry_Visa_Park_Road_Islamabad.jpg
Islamabad,home,Pegasus Lodge Entire Family Guest House 5400 Square Feet Your Comfort Our Promise,9.0,9.0,"F-7 Sector, Islamabad",https://cf.bstatic.com/xdata/images/hotel/square240/708831492.webp?k=745652c554119dad00a32d0dd3167d6a5ae8e90374221dc44ed59ac4ca10ad6f&o=,images_home\Pegasus_Lodge_Entire_Family_Guest_House_5400_Square_Feet_Your_Comfort_Our_Promise.jpg
Islamabad,home,Family three bedroom villa D-12,,,Islamabad,https://cf.bstatic.com/xdata/images/hotel/square240/702413118.webp?k=3ea167ff40e7920a79e91c3325525b4148d36cb5ae51c74517918153b7162299&o=,images_home\Family_three_bedroom_villa_D-12.jpg
Islamabad,home,Spacious 4-Bedroom Luxury Stay in the Heart of F10,,,Islamabad,https://cf.bstatic.com/xdata/images/hotel/square240/617522875.webp?k=bd69f18928079f030a8055e294c10755c6b4e720de08888b2d6e23fd068e1603&o=,images_home\Spacious_4-Bedroom_Luxury_Stay_in_the_Heart_of_F10.jpg
Islamabad,home,S&A The Luxe Retreat 2BHK House I-8,,,"I-8 Sector, Islamabad",https://cf.bstatic.com/xdata/images/hotel/square240/723339409.webp?k=a8c8385f59c017a96083611ca1a971bb659d48a412d3ab69ae58e959f32afb63&o=,images_home\S_A_The_Luxe_Retreat_2BHK_House_I-8.jpg
Islamabad,home,Rustic bliss,,,"F-8 Sector, Islamabad",https://cf.bstatic.com/xdata/images/hotel/square240/702151339.webp?k=b6a96ea5c0c793226ea8407afc0e1a76c4e5b14fdb518ad6a87f02fcce4b8444&o=,images_home\Rustic_bliss.jpg
Islamabad,home,Entire Four Bedroom Cozy Home in G9 Islamabad,9.0,9.0,"G-9 Sector, Islamabad",https://cf.bstatic.com/xdata/images/hotel/square240/604941773.webp?k=d0b215a06af5bc96e78e0bb8929fcd069b7834d241bd16d464facd6474a242f3&o=,images_home\Entire_Four_Bedroom_Cozy_Home_in_G9_Islamabad.jpg
Islamabad,home,F10 Family House Islamabad,,,Islamabad,https://cf.bstatic.com/xdata/images/hotel/square240/710755954.webp?k=b417e4a86148d00d188b73acbaa06de7b9bc2ec2d43467f012164a46f677a580&o=,images_home\F10_Family_House_Islamabad.jpg
Islamabad,home,Mountain Crest Villa,8.0,8.0,Islamabad,https://cf.bstatic.com/xdata/images/hotel/square240/699048472.webp?k=7c17275a953035343b4a47599fe23502fbaecbfaac2da1018a8a2fd664a9b105&o=,images_home\Mountain_Crest_Villa.jpg
Islamabad,home,Home 224,,,Islamabad,https://cf.bstatic.com/xdata/images/hotel/square240/719558699.webp?k=909041c841430236ef1d960c4fe053e1f3baeabc90f49c0e8cff1bdbbbfc12eb&o=,images_home\Home_224.jpg
Islamabad,home,Islamabad Residency 2,,,Islamabad,https://cf.bstatic.com/xdata/images/hotel/square240/471570980.webp?k=b8cbc4189af7934b9de2e07b621360c7c481cad12528d47de03273b44fd86f13&o=,images_home\Islamabad_Residency_2.jpg
Islamabad,home,"Haven Lodge, 5BR Entire Vacation Home in Bahria Enclave",7.0,7.0,Islamabad,https://cf.bstatic.com/xdata/images/hotel/square240/633585386.webp?k=b231a8ed2dabde7b929e23e8f7db2928c97c8fa6a4a6e9c700c91fd1bb9ae305&o=,images_home\Haven_Lodge__5BR_Entire_Vacation_Home_in_Bahria_Enclave.jpg
Islamabad,home,3 BDR F10-1 Escape,,,Islamabad,https://cf.bstatic.com/xdata/images/hotel/square240/673032942.webp?k=a60550b4925c08bf7a4e4aed1295cb678fed1398ceec9a4555f879c450a4810e&o=,images_home\3_BDR_F10-1_Escape.jpg
Islamabad,home,Basement Street 67 Sector I 8 3 Islamabad,1.0,1.0,"I-8 Sector, Islamabad",https://cf.bstatic.com/xdata/images/hotel/square240/379750542.webp?k=b792c57373d8f932482420dc26a52b2b1081d9106cdd8c8e78807c3237651a29&o=,images_home\Basement_Street_67_Sector_I_8_3_Islamabad.jpg
Islamabad,home,Two Bedroom House near Centaurus,,,"G-8 Sector, Islamabad",https://cf.bstatic.com/xdata/images/hotel/square240/709645283.webp?k=c317092a374055edadffe87ac02a9281a0af05cd9a2932f81b0111e1178f1544&o=,images_home\Two_Bedroom_House_near_Centaurus.jpg
Islamabad,home,2 Bed Ground/ Home Office,,,Islamabad,https://cf.bstatic.com/xdata/images/hotel/square240/499825234.webp?k=8332edbfccfd7a72f6cce086e02f9f6f0e5cf02bb62c34753b06ce142a80f978&o=,images_home\2_Bed_Ground__Home_Office.jpg
Islamabad,home,Royal Grand cottage E-11 only for Families Islamabad,9.0,9.0,"E-11 Sector, Islamabad",https://cf.bstatic.com/xdata/images/hotel/square240/618411118.webp?k=ac2131e7f33cbc7161a2ce9eb73f21715cda4ed12464d21e8279e20a86e6e3e1&o=,images_home\Royal_Grand_cottage_E-11_only_for_Families_Islamabad.jpg
Islamabad,home,"whole house one kanal, 6 Bedrooms",,,Islamabad,https://cf.bstatic.com/xdata/images/hotel/square240/635376676.webp?k=56e6ceaf1fb35995711cbfecb01641432e5f462f519de2b382b8bb92b9d74266&o=,images_home\whole_house_one_kanal__6_Bedrooms.jpg
Islamabad,home,Modern 3-Bed Retreat E11 PEACEFUL,,,"E-11 Sector, Islamabad",https://cf.bstatic.com/xdata/images/hotel/square240/708961298.webp?k=70283b59d199397122a50cdaa1502e1621b8714a1a1723bb077b97cd74e6e9ac&o=,images_home\Modern_3-Bed_Retreat_E11_PEACEFUL.jpg
Islamabad,home,Baagh-e-sakoon,,,Islamabad,https://cf.bstatic.com/xdata/images/hotel/square240/704300608.webp?k=84d40ad28f245201b7bf17adbfe7a420e93d2893df694f093dd578b952967115&o=,images_home\Baagh-e-sakoon.jpg
Islamabad,home,Khan's Family guest House,1.0,1.0,"F-8 Sector, Islamabad",https://cf.bstatic.com/xdata/images/hotel/square240/700120728.webp?k=1b8dbedbe716718334c3c1fecac329f9ae4631a9f790601676398bc7d878b95c&o=,images_home\Khan_s_Family_guest_House.jpg
Islamabad,home,upper portion of a house,,,Islamabad,https://cf.bstatic.com/xdata/images/hotel/square240/633631078.webp?k=ac664e94f7bb8ba763ed49b616ca5ff51c41fb3d859b1e9544a9d6c45e7df735&o=,images_home\upper_portion_of_a_house.jpg
Islamabad,home,The Oasis Home,,,Islamabad,https://cf.bstatic.com/xdata/images/hotel/square240/679260116.webp?k=15cc1212b25facb9a5d5b6d9f906fcbffea684ca24a7d758b0cf81571b32ff0e&o=,images_home\The_Oasis_Home.jpg
Islamabad,home,"Haven Lodge, 3BR Entire Portion in Bahria Enclave Islamabad",9.3,9.0,Islamabad,https://cf.bstatic.com/xdata/images/hotel/square240/638233133.webp?k=c07f217ebd7924820011c269f071013f8bb5743e67a38978edc465c2b2272ac5&o=,images_home\Haven_Lodge__3BR_Entire_Portion_in_Bahria_Enclave_Islamabad.jpg
Islamabad,home,"Haven Lodge, 3BR Entire Home with Lounge & Kitchen",9.0,9.0,Islamabad,https://cf.bstatic.com/xdata/images/hotel/square240/670070672.webp?k=ef7039998bad49ef2ac3b7267acec093996a9d05998174beca223d424eecc534&o=,images_home\Haven_Lodge__3BR_Entire_Home_with_Lounge___Kitchen.jpg
Islamabad,home,Royal lodges guest house,,,"F-8 Sector, Islamabad",https://cf.bstatic.com/xdata/images/hotel/square240/639460826.webp?k=aa63b6b1f76f8d724420b89bc7619b07dba63b9f43caa0960d9a61296992fb15&o=,images_home\Royal_lodges_guest_house.jpg
Islamabad,home,Premium Kanal Villa in Islamabad,,,Islamabad,https://cf.bstatic.com/xdata/images/hotel/square240/658804355.webp?k=dc0667ffdc2e7b3c85b94a22127112866562644225149951511a4a6b61e5332a&o=,images_home\Premium_Kanal_Villa_in_Islamabad.jpg
Islamabad,home,Serenity homes,,,"E-11 Sector, Islamabad",https://cf.bstatic.com/xdata/images/hotel/square240/716525363.webp?k=d4cdd90bec1982d4c647de14358b1c6cdfd061e366b469aef1b6fa1dd7cba33c&o=,images_home\Serenity_homes.jpg
Islamabad,home,Zaib Guest House for Families only Islamabad,10.0,10.0,"G-8 Sector, Islamabad",https://cf.bstatic.com/xdata/images/hotel/square240/655129078.webp?k=643b3cebf475edc92bfd674082a9b22525f643382b3d86521749e5d3cb236ce5&o=,images_home\Zaib_Guest_House_for_Families_only_Islamabad.jpg
Islamabad,home,Murree expressway mountain house,,,Islamabad,https://cf.bstatic.com/xdata/images/hotel/square240/636740639.webp?k=1314401f5b3e739d76a3f448c99d2640c304db6da9731e6ade3cee114e0f2578&o=,images_home\Murree_expressway_mountain_house.jpg
Islamabad,home,3 bedrooms Portion Near Airport,,,Islamabad,https://cf.bstatic.com/xdata/images/hotel/square240/655052574.webp?k=da24058efaae33af0ae43328346da06de63f52038bf0cc6209fd8c0db0f84ad0&o=,images_home\3_bedrooms_Portion_Near_Airport.jpg
Islamabad,home,The Capital House F7 Luxury 3 Bedroom House,,,"F-7 Sector, Islamabad",https://cf.bstatic.com/xdata/images/hotel/square240/726950432.webp?k=c0d09e82255bfc976eb8a15c010ec91340ec3b998a8794fb1bdbe7a266a2fa1e&o=,images_home\The_Capital_House_F7_Luxury_3_Bedroom_House.jpg
Islamabad,home,King Palace,,,Islamabad,https://cf.bstatic.com/xdata/images/hotel/square240/635816703.webp?k=a1a6539444eb5b64388c1e8c2fcd3cdd25f61fd7fb13410a42a6d30ef6ddafbc&o=,images_home\King_Palace.jpg
Islamabad,home,Sweet Home Guest House,,,Islamabad,https://cf.bstatic.com/xdata/images/hotel/square240/702846327.webp?k=bb1eb18d58dc987b39974f41fd5256e19a19d48ddb8caeae05214f97f7898c4a&o=,images_home\Sweet_Home_Guest_House.jpg
Islamabad,home,Quick Guest Houses,,,Islamabad,https://cf.bstatic.com/xdata/images/hotel/square240/726851173.webp?k=e1e46444d2faa93f255d22dee392cfe1c56b636300a087ffb944e1a2cd533070&o=,images_home\Quick_Guest_Houses.jpg
Islamabad,home,Radiant Gust House,,,Islamabad,https://cf.bstatic.com/xdata/images/hotel/square240/673090916.webp?k=587b14a4a1eea455cc92c29b8d88000e48e467f35ee4cd493ba074b13ba7f473&o=,images_home\Radiant_Gust_House.jpg
Rawalpindi,home,The Radiant Residence Phase 3 Bahria Town,8.2,8.0,Rawalpindi,https://cf.bstatic.com/xdata/images/hotel/square240/668808475.webp?k=a6736b10a1ad2230c206888ca08419da9cbe99cba43c04fa831c821f888a9f51&o=,images_home\The_Radiant_Residence_Phase_3_Bahria_Town.jpg
Rawalpindi,home,Stylish Independent 3-Bedroom House in Bahria Town,9.7,9.0,Rawalpindi,https://cf.bstatic.com/xdata/images/hotel/square240/582080594.webp?k=41270f6c643bf51d95c603f90f9231e3fb43a70ed8b08d92a72f267ee1636735&o=,images_home\Stylish_Independent_3-Bedroom_House_in_Bahria_Town.jpg
Rawalpindi,home,Holiday home,,,Rawalpindi,https://cf.bstatic.com/xdata/images/hotel/square240/574740016.webp?k=47a73d09e3d8acf9fd5d30f538d2c483ab691747ee785fbc9f53ab9ec0d82796&o=,images_home\Holiday_home.jpg
Rawalpindi,home,4 Bedroom Holiday Home In Bahria Town Phase 3,,,Rawalpindi,https://cf.bstatic.com/xdata/images/hotel/square240/725837300.webp?k=a99edcf32b4e3274fc45b7de2cc0857fd32e080eea2da0d4e443d400373feb51&o=,images_home\4_Bedroom_Holiday_Home_In_Bahria_Town_Phase_3.jpg
Rawalpindi,home,BAHRIA HOLLIDAY HOME,9.8,9.0,Rawalpindi,https://cf.bstatic.com/xdata/images/hotel/square240/525226889.webp?k=cfd700fbcef306cf8a666cb91fd23360fb42548ed624f1a967003b03c33c8144&o=,images_home\BAHRIA_HOLLIDAY_HOME.jpg
Rawalpindi,home,10 Marla upper portion for rent,,,Rawalpindi,https://cf.bstatic.com/xdata/images/hotel/square240/725025475.webp?k=d36dc3adca843f7f3aa63340bacb5d2db4cebf5ca94d017d239b910ae1b0eae0&o=,images_home\10_Marla_upper_portion_for_rent.jpg
Rawalpindi,home,Opulent 5-BHK Entire House in Bahria Town Phase 3,9.9,9.0,Rawalpindi,https://cf.bstatic.com/xdata/images/hotel/square240/642743104.webp?k=4740323c522a6c47ecc1270e3d5bcfc8642824b102909c93b3946d93738421b2&o=,images_home\Opulent_5-BHK_Entire_House_in_Bahria_Town_Phase_3.jpg
Rawalpindi,home,"2BR Luxury Event Villa, Mehndis & Family Stays",,,Rawalpindi,https://cf.bstatic.com/xdata/images/hotel/square240/729135353.webp?k=ef715113108be4ecf367875385442547812929fcd6339f8c5dd5f1fd619fbb63&o=,images_home\2BR_Luxury_Event_Villa__Mehndis___Family_Stays.jpg
Rawalpindi,home,Bahria Residency,6.6,6.0,Rawalpindi,https://cf.bstatic.com/xdata/images/hotel/square240/413585905.webp?k=eab2026dbba90f5d89c17c155cd77884176307e2722d8aa41a80cf83f21f4ff0&o=,images_home\Bahria_Residency.jpg
Rawalpindi,home,10 M full house for rent,,,Rawalpindi,https://cf.bstatic.com/xdata/images/hotel/square240/724267738.webp?k=85290b3238ec65f987d22aaeb950930d639edd7d99d5aa5bd761de4f6fa9fe10&o=,images_home\10_M_full_house_for_rent.jpg
Rawalpindi,home,Bahria Town Islamabad Rawalpindi Phase 8 Full Home,7.0,7.0,Rawalpindi,https://cf.bstatic.com/xdata/images/hotel/square240/481441680.webp?k=07535a30d4a1009c3309fec19b931d50b3a4b09cd13e3ac80620df0440e7173e&o=,images_home\Bahria_Town_Islamabad_Rawalpindi_Phase_8_Full_Home.jpg
Rawalpindi,home,3 Bedroom House right In-between Twin Cities,8.6,8.0,Rawalpindi,https://cf.bstatic.com/xdata/images/hotel/square240/451811573.webp?k=cf809de402b613b6823f7a01d711ff3eab50644850e24ae19c8c6bf0e0a58efe&o=,images_home\3_Bedroom_House_right_In-between_Twin_Cities.jpg
Rawalpindi,home,Bahria Town Holiday Home,,,Rawalpindi,https://cf.bstatic.com/xdata/images/hotel/square240/697681607.webp?k=7f6f32f401e59e0bd31357f7a3ece91701c65442cf44ac9ebcf05494d3b67f37&o=,images_home\Bahria_Town_Holiday_Home.jpg
Rawalpindi,home,Park View Residency 1,,,Rawalpindi,https://cf.bstatic.com/xdata/images/hotel/square240/551053566.webp?k=7d553c608fe8ea3dac6674797d15379e9ede3b5faa4b52bbdfa0df8b874cc3e5&o=,images_home\Park_View_Residency_1.jpg
Rawalpindi,home,2 Bed Luxury House Islamabad Rawalpindi,,,Rawalpindi,https://cf.bstatic.com/xdata/images/hotel/square240/663088521.webp?k=f7d9d721a836afcaed1fd3b617fed82d6c1cfa91d22cf80551857572ae399872&o=,images_home\2_Bed_Luxury_House_Islamabad_Rawalpindi.jpg
Rawalpindi,home,Raja Ahsaan,,,Rawalpindi,https://cf.bstatic.com/xdata/images/hotel/square240/663439532.webp?k=19cfa7a2f5f9fa7bde962815aec56f4131bf78977ee3a29204602454640ec890&o=,images_home\Raja_Ahsaan.jpg
Rawalpindi,home,8 Marla Fully Furnished Upper Portion 3 Bedrooms,,,Rawalpindi,https://cf.bstatic.com/xdata/images/hotel/square240/605208185.webp?k=8782d01b7520fb78515d58bab3b571a966c570c4dfd75ca3acb501ddeac6d5d5&o=,images_home\8_Marla_Fully_Furnished_Upper_Portion_3_Bedrooms.jpg
Rawalpindi,home,oghuzhouse,,,Rawalpindi,https://cf.bstatic.com/xdata/images/hotel/square240/672643186.webp?k=1cb44e5aab9ed6262d1888f4cb34c28e73f022370d81dc3eaa7d5280b6d94739&o=,images_home\oghuzhouse.jpg
Rawalpindi,home,Rmk farm house,,,Murree,https://cf.bstatic.com/xdata/images/hotel/square240/671752452.webp?k=16a326cae5b2e6a4beede70db8f2a1f57a549bb4cc5c4eb8b73e384283fb1d49&o=,images_home\Rmk_farm_house.jpg
Rawalpindi,home,42 Lovebirds Cottage,,,Murree,https://cf.bstatic.com/xdata/images/hotel/square240/695459626.webp?k=0b8d499305dd9014bb80de259755d5b03c8e45d8347b6c6265110c85228951d4&o=,images_home\42_Lovebirds_Cottage.jpg
Faisalabad,home,Furnished Comfy House,,,Faisalabad,https://cf.bstatic.com/xdata/images/hotel/square240/690653579.webp?k=e955b8dbd61957753715805e249a40e43beab7ae493d5a75057faa0e22798a98&o=,images_home\Furnished_Comfy_House.jpg
Sialkot,home,Elanto luxury sialkot,1.0,1.0,Sialkot,https://cf.bstatic.com/xdata/images/hotel/square240/707385473.webp?k=d985cd1a6efd7cb0f3ec3f4a63184d69c3591eaa6565cef30319fd32d90ecf9b&o=,images_home\Elanto_luxury_sialkot.jpg
Muzaffarabad,home,"The Mountain Retreat, Muzaffarabad - Families Only",9.6,9.0,Muzaffarabad,https://cf.bstatic.com/xdata/images/hotel/square240/707404221.webp?k=3177da51eab024eef7679367288f788a017779dd7385bca45c1d49bfc70fef51&o=,images_home\The_Mountain_Retreat__Muzaffarabad_-_Families_Only.jpg
Muzaffarabad,home,Naqvi's Residency,8.6,8.0,Muzaffarabad,https://cf.bstatic.com/xdata/images/hotel/square240/575187965.webp?k=d1df0deb51d29835fe94419989083c0f806a2c98b37e54fd4d3c72559f7b0c19&o=,images_home\Naqvi_s_Residency.jpg
Muzaffarabad,home,Three-Bedroom Holiday Home,10.0,10.0,Abbottābād,https://cf.bstatic.com/xdata/images/hotel/square240/697179760.webp?k=133ef2cff7d047f5735ed7a00ef633a9425c9f003e81c8928ce0d6412c6f8dcd&o=,images_home\Three-Bedroom_Holiday_Home.jpg
Muzaffarabad,home,Nature Hill Lodge,,,Abbottābād,https://cf.bstatic.com/xdata/images/hotel/square240/725530225.webp?k=eb7b7f7962e4cf38dc6822620d29bcdef455c44eccf388518c674113efe63344&o=,images_home\Nature_Hill_Lodge.jpg
Muzaffarabad,home,Whispering Fields,7.3,7.0,Abbottābād,https://cf.bstatic.com/xdata/images/hotel/square240/691442557.webp?k=f22a82a40b36fb8d466c38088bdca5b92c8ada5f45e6a33e673719ba8d6d77b8&o=,images_home\Whispering_Fields.jpg
Muzaffarabad,home,Private Home,,,Abbottābād,https://cf.bstatic.com/xdata/images/hotel/square240/699078303.webp?k=bfc2791c9210908d07157f19702a46fd7607ec94c87f8392abd689da3665818e&o=,images_home\Private_Home.jpg
Muzaffarabad,home,Vendia Cottage,6.8,6.0,Nathia Gali,https://cf.bstatic.com/xdata/images/hotel/square240/642660619.webp?k=5449e6114a3644f6eb2bf66dd35e801baf34d990df3f3e683a5eb3b03017d01f&o=,images_home\Vendia_Cottage.jpg
Muzaffarabad,home,Wandernest cabin,,,Bāzār,https://cf.bstatic.com/xdata/images/hotel/square240/719098437.webp?k=db216176936bb6884d2704556016d6c6ec21c080741cfd750f6ef2a01fd8b819&o=,images_home\Wandernest_cabin.jpg
Muzaffarabad,home,Danna lodge,,,Nathia Gali,https://cf.bstatic.com/xdata/images/hotel/square240/721353418.webp?k=62a461616eac63622e9603520169c23004935445dffc8806a3529c597f1b21d4&o=,images_home\Danna_lodge.jpg
Muzaffarabad,home,Shaukat Manzil,,,Abbottabad,https://cf.bstatic.com/xdata/images/hotel/square240/705700784.webp?k=fe7b95cb7c2917ad7bbd4025cbf839500926ae6b8317ef8f98949343fb288e7a&o=,images_home\Shaukat_Manzil.jpg
Muzaffarabad,home,Haven Hilltop Cottage,,,Dunga Gali,https://cf.bstatic.com/xdata/images/hotel/square240/709679195.webp?k=2316ea2294885d1535b6cde801fbe4b5cf24c724958c78a3f1095cb53fcc6408&o=,images_home\Haven_Hilltop_Cottage.jpg
Muzaffarabad,home,House First Floor Fully furnished,,,Dhlkot,https://cf.bstatic.com/xdata/images/hotel/square240/612475442.webp?k=b09cf41b29646fcfe2330aad267b9fc8c8faa796cf54f8c5d6eda972d8143f6b&o=,images_home\House_First_Floor_Fully_furnished.jpg
Muzaffarabad,home,WanderNest BirmiGali,,,Abbottābād,https://cf.bstatic.com/xdata/images/hotel/square240/710147900.webp?k=85d0af07fdecf1abfcdebf0496cc3852d0b6c6b15285fda6bac3405017645504&o=,images_home\WanderNest_BirmiGali.jpg
Muzaffarabad,home,House First floor Fully Furnished,10.0,10.0,Dhlkot,https://cf.bstatic.com/xdata/images/hotel/square240/616409457.webp?k=d9174af3977da73c3cc8789a8218c5f076e62255d691004b9a108516bd41e6f7&o=,images_home\House_First_floor_Fully_Furnished.jpg
Sargodha,home,Relax point,,,Sargodha,https://cf.bstatic.com/xdata/images/hotel/square240/727328821.webp?k=51a21f386d66bcdbdc1454f01edf2a33b0c76be086ba3799d084f60b43a4ca48&o=,images_home\Relax_point.jpg
Kasur,home,"Haven Lodge, 4BR Vacation Home with Park Access",10.0,10.0,Rāmkot,https://cf.bstatic.com/xdata/images/hotel/square240/613964466.webp?k=4b5291cf016826329ceedfe23d99ff7200a108e7cd125a42ec2a39981d91685d&o=,images_home\Haven_Lodge__4BR_Vacation_Home_with_Park_Access.jpg
Okara,home,The MiNi Nest,,,Gurgaon,https://cf.bstatic.com/xdata/images/hotel/square240/717845311.webp?k=f5e44e29ff67624de68cf079278a355723e821ea5bb5120160d5e8ed5bc83169&o=,images_home\The_MiNi_Nest.jpg
Okara,home,Raj niwas,10.0,10.0,"West Delhi, New Delhi",https://cf.bstatic.com/xdata/images/hotel/square240/685517033.webp?k=782a7297805c8335eb209ad5ed954286f21f93b00eca567492eac7dc75d1fd61&o=,images_home\Raj_niwas.jpg
Okara,home,The Urban Oasis,,,"Palam Vihar, Gurgaon (Palam Vihar)",https://cf.bstatic.com/xdata/images/hotel/square240/692585332.webp?k=2287634470b0123a68b7844142d4d51b6e118309ebdc68cd3bad8a9009911738&o=,images_home\The_Urban_Oasis.jpg
Okara,home,Zuri Holiday Home,9.3,9.0,Greater Noida,https://cf.bstatic.com/xdata/images/hotel/square240/544924983.webp?k=c759984776ed4b332079beef9935c678902c2b6f96fd8bb65ff5d851df16f35d&o=,images_home\Zuri_Holiday_Home.jpg
Okara,home,Chaudhary Farm house,10.0,10.0,Daula,https://cf.bstatic.com/xdata/images/hotel/square240/683431530.webp?k=95edcfce36c5b9dfc82cea92355aef98fc4963218bd25b60b61e0d272a5445df&o=,images_home\Chaudhary_Farm_house.jpg
Okara,home,Courtyard By Palm -3BKH Mini Farm House,10.0,10.0,Gurgaon,https://cf.bstatic.com/xdata/images/hotel/square240/679742950.webp?k=9db6a03a457c900cd32f5aa4f9c65b828f8fd119a9e0cd9e8b8ac2046ac89e45&o=,images_home\Courtyard_By_Palm_-3BKH_Mini_Farm_House.jpg
Okara,home,Arora Farms,,,Noida,https://cf.bstatic.com/xdata/images/hotel/square240/678862784.webp?k=6d099a7e2fecd67bbc713fafbafe69e02f741a5a9655738f459d19213bbbccca&o=,images_home\Arora_Farms.jpg
Okara,home,Independent house,,,Ghaziabad,https://cf.bstatic.com/xdata/images/hotel/square240/626910580.webp?k=d55b4b0e1eacad8f22ae9da285595424d102ef18117d5a47fce14eaba3cf912d&o=,images_home\Independent_house.jpg
Okara,home,Mannat Farms,,,Noida,https://cf.bstatic.com/xdata/images/hotel/square240/724143778.webp?k=a2139ef974d8220702fa479ee534eed90f33d381b134a9c4bd285f5defd501b8&o=,images_home\Mannat_Farms.jpg
Okara,home,Full 1BHK in lush green society,,,"DLF Phase I, Gurgaon (DLF Phase I)",https://cf.bstatic.com/xdata/images/hotel/square240/701396516.webp?k=1cd3a98e571df50b693063ee63d84cb41ddaefe7c0cfc8cb8ef0e1e89455c732&o=,images_home\Full_1BHK_in_lush_green_society.jpg
Okara,home,My Vaas,,,"Sector 40 - 44, Gurgaon (Sector 40 - 44)",https://cf.bstatic.com/xdata/images/hotel/square240/671444204.webp?k=98da3d281e824540be16e6c2ae1773f1635c6c7b82131bc39e7d1bcc2b83e35f&o=,images_home\My_Vaas.jpg
Okara,home,Mannat Farm,,,Noida,https://cf.bstatic.com/xdata/images/hotel/square240/722813549.webp?k=f1d58ca5ef29df6254a42102d457216b08345c7377144052583284d31d14581f&o=,images_home\Mannat_Farm.jpg
Okara,home,Naples Suite - Green Facing Park View,,,Noida,https://cf.bstatic.com/xdata/images/hotel/square240/713043681.webp?k=44340501a433cb78a522b43fc5fdc2d0be8096c534c513b267de11ce5b63669f&o=,images_home\Naples_Suite_-_Green_Facing_Park_View.jpg
Okara,home,Hostie Green Haven farmhouse near Golf course road Gurgaon,,,Gurgaon,https://cf.bstatic.com/xdata/images/hotel/square240/724832613.webp?k=a16bd0069790376834ef98767d15f538d5b14eb6d38833203f20153740c41a15&o=,images_home\Hostie_Green_Haven_farmhouse_near_Golf_course_road_Gurgaon.jpg
Okara,home,Sheher Bagh - 7,,,"South West, New Delhi",https://cf.bstatic.com/xdata/images/hotel/square240/642126106.webp?k=ae4c5e983c6998a26b1b992fdbd123cfc7f61bb19f02afa036ed6a42013375c0&o=,images_home\Sheher_Bagh_-_7.jpg
Okara,home,Luxurious 4 BHK with Mini Movie Theatre in Gurgaon,7.0,7.0,Gurgaon,https://cf.bstatic.com/xdata/images/hotel/square240/514636256.webp?k=0b80ef2d964eac9ba945c809eec942d9b6b036d0fdc7521bff3eb1d12363e43c&o=,images_home\Luxurious_4_BHK_with_Mini_Movie_Theatre_in_Gurgaon.jpg
Okara,home,VanRaj Farm,,,Greater Noida,https://cf.bstatic.com/xdata/images/hotel/square240/675956943.webp?k=096b88e3465bbdb83185f80f4d945961299cceb5e5b274303efcea489e3b938d&o=,images_home\VanRaj_Farm.jpg
Jhelum,home,Vip homes jhelum,9.4,9.0,Jhelum,https://cf.bstatic.com/xdata/images/hotel/square240/565400145.webp?k=6ea8e447b0ad7388e168989011875c35081882c1752a79e9d547324efb133970&o=,images_home\Vip_homes_jhelum.jpg
Jhelum,home,One bedroom Townhouse at New Metro City,,,Kariāla Railroad Station,https://cf.bstatic.com/xdata/images/hotel/square240/728336141.webp?k=0a7255da0b1e56e9202b0718ca9b8d44b05b7b24e8dfb1ff95663a1d137be9b9&o=,images_home\One_bedroom_Townhouse_at_New_Metro_City.jpg
Jhelum,home,Modern Family-Friendly Home in CITI Housing Jhelum,,,Bāla,https://cf.bstatic.com/xdata/images/hotel/square240/670193829.webp?k=708ab4d0b0724aff0781eb236869d0e599f863fa31c7d60d6f4566d0c6d1d836&o=,images_home\Modern_Family-Friendly_Home_in_CITI_Housing_Jhelum.jpg
Jhelum,home,Valley Homes Guest House,10.0,10.0,Pothi,https://cf.bstatic.com/xdata/images/hotel/square240/558987150.webp?k=e90fc7fdf54e514fb301e580f900cedb5c7df74272c49b3d7dc63cc25c442ad3&o=,images_home\Valley_Homes_Guest_House.jpg
Jhelum,home,Mirpur house,,,Bhimbar,https://cf.bstatic.com/xdata/images/hotel/square240/698972122.webp?k=cf5c8abdc2c3deecc84c491669c0ca0c6e1bf2bcd552aacef4ac01e006f13278&o=,images_home\Mirpur_house.jpg
Khaplu,home,Masherbrum House Local Homestay in Khaplu,10.0,10.0,Khaplu,https://cf.bstatic.com/xdata/images/hotel/square240/470092528.webp?k=89b009d854747c850a6a288c53bb5fa48510f7ab625819f20b1224a96f78dc8d&o=,images_home\Masherbrum_House_Local_Homestay_in_Khaplu.jpg
